GENERALSortingCode	GENERALBIC1	GENERALBIC2	GENERALSubBranchSuffix	GENERALShortBranchTitle	GENERALShortNameOwningBank	GENERALFullNameOwningBankLine1	GENERALFullNameOwningBankLine2	GENERALBankCodeOwningBank	GENERALNationalCentralBankCountryCode	GENERALSupervisoryBody	GENERALDeletedDate	GENERALDateofLastChange	GENERALPrintIndicator	BACSStatus	BACSDateofLastChange	BACSDateClosedInBACSClearing	BACSRedirectionFromFlag	BACSRedirectToSortcode	BACSSettlementBank	BACSSettlementSection	BACSSettlementSubSectionRALBankCodeOwningBank	BACSHandlingBank	BACSHandlingBankStream	BACSAccountsNumberedFlag	BACSDDIVoucherFlag	BACSTransactionsDisallowedDR	BACSTransactionsDisallowedCR	BACSTransactionsDisallowedCU	BACSTransactionsDisallowedPR	BACSTransactionsDisallowedBS	BACSTransactionsDisallowedDV	BACSTransactionsDisallowedAU	BACSTransactionsDisallowedSpare1	BACSTransactionsDisallowedSpare2	BACSTransactionsDisallowedSpare3	BACSSpare1	CHAPSSTERLINGReturnIndicator	CHAPSSTERLINGStatus	CHAPSSTERLINGEffectiveDateOfLastChange	CHAPSSTERLINGDateClosed	CHAPSSTERLINGSettlementMember	CHAPSSTERLINGRoutingBICField1	CHAPSSTERLINGRoutingBICField2	CHAPSEUROStatus	CHAPSEUROEffectiveDateOfLastChange	CHAPSEURODateClosed	CHAPSEURORoutingBICField1	CHAPSEURORoutingBICField2	CHAPSEUROSettlementMember	CHAPSEUROReturnIndicator	CHAPSEUROSwiftData	CHAPSEUROSpare1	CCCCStatus	CCCCeffectiveDateofLastChange	CCCCDateClosed	CCCCSettlementBank	CCCCDebitAgencySortingCode	CCCCReturnIndicator	CCCCGBNIIndicator	FASTStatus	FASTEffectiveDateofLastChange	FASTDateClosed	FASTRedirectFromFlag	FASTRedirectToSortingCode	FASTFPSSettlementBankConnectionType	FASTPadding	FASTFPSSettlementBankBankCode	FASTHandlingBankConnectionType	FASTPadding2	FASTHandlingBankBankCode	FASTAccountsNumberedFlag	FASTAgencyType	FASTSpareField	PRINTBranchTypeIndicator	PRINTSortcodeOfMainBranch	PRINTMajorLocationName	PRINTMinorLocationName	PRINTBranchNameOrPlace	PRINTSecondEntryIndicator	PRINTBranchNameForSecondEntry	PRINTFullBranchTitlePart1	PRINTFullBranchTitlePart2	PRINTFullBranchTitlePart3	PRINTAddressLine1	PRINTAddressLine2	PRINTAddressLine3	PRINTAddressLine4	PRINTTown	PRINTCounty	PRINTPostcodeField1	PRINTPostcodeField2	PRINTTelephoneArea	PRINTTelephoneNumber	PRINTTelephone2Area	PRINTTelephone2Number
090025	ANILJESH	TSY	00	ABBEY NAT (OVERSEAS) W/SALE	ABBEY NAT TY INT LTD	ABBEY NATIONAL TREASURY SERVICES PL	C                                  	0641		A		18/07/2017          	0	A	06/06/2005				0011	01	01	0011	01	Y	N	DR	CR	CU		BS	DV	AU						I	09/07/2001		005	MIDLGB22	XXX	N		23/09/2008							F	18/07/2017		11  	000011		GB                  	N														M		JERSEY                        		A.N. Treasury International Ltd.   	1		ANTIL (CHAPS, Wholesale)           				P O Box 545                        	Santander Hs, 19-21 Commercial St  	St Helier                          	Jersey                        	C.I.                          	JE4 	8XG 	01534     	885000  	          	
239285	AIBKGB2L	XXX	00	Customer Treasury Services 	AIB GB              	ALLIED IRISH BANK (GB)             		0017		A		28/09/2017          	0	A	23/11/2010				0056	02	00	0056	04	Y	N													I	09/07/2001		003	BARCGB22	XXX	N									F	28/09/2017		56  	000056		GB                  	N		07/11/2011												M		LONDON                        		Customer Treasury Services         	1		Customer Treasury Services         			St Helen's                         	1 Undershaft                       			London                        		EC3A	8AB 	020       	73093000	          	
300083	ARAYGB22	XXX	00	OP HEADQUARTERS            	AL RAYAN BANK PLC   	AL RAYAN BANK PLC                  		0338		A		18/07/2017          	0	A	05/04/2012				0004	01	00	0004	01	N	Y													I	06/09/2004		004	LOYDGB2L	XXX	N									F	18/07/2017		4   	000004		GB                  	A	03/11/2011				01	00	0004	01	00	0004	N	I		M				Islamic Bank of Britain            	1		OPERATIONAL HEADQUARTERS           			24a Calthorpe  Road                	Edgbaston                          			Birmingham                    		B15 	1RP 	0121      	4527300 	          	
405179	ARNBGB2L	XXX	00	47 SEYMOUR ST LONDON W1A   	ARAB NATIONAL BANK  	ARAB NATIONAL BANK                 		0075		A		03/04/2018          	0	A	06/06/2005				0005	01	00	0005	01	Y	Y													I	09/07/2001		005	MIDLGB22	XXX	N		23/09/2008							F	03/04/2018		919 	000919		GB                  	A	30/12/2011				01	00	0005	01	00	0005	Y	I		M				Arab National Bank                 	1		Seymour St                         			P O Box 24B                        	35 Curzon Street                   			London                        		W1J 	7TT 	020       	72974600	          	
300066	ARBUGB2L	AD1	00	ARBUTHNOT LATHAM & CO LTD  	ARBUTHNOT LATHAM&CO 	ARBUTHNOT LATHAM AND CO LTD        		0103		A		27/06/2018          	0	A	17/04/2018			301393	0004	01	01	0004	01	N	Y	DR						AU						I	01/02/1996		004	LOYDGB2L	XXX	N									N		17/04/2018					A	12/06/2018				01	00	0004	01	00	0004	N	I		M				ARBUTHNOT HOUSE                    	1		ARBUTHNOT HOUSE                    			ARBUTHNOT HOUSE                    	7 WILSON STREET                    			LONDON                        		EC2M	2SN 	020       	70122500	          	
608312	ATMBGB22	XXX	00	Personal Banking           	ATOM BANK PLC       	ATOM  BANK  PLC                    		0907		A		19/03/2018          	0	A	05/05/2017				0006	01	00	0006	01	Y	N													I	02/11/2015		006	NWBKGB55	XXX	N									N							M	19/03/2018				01	00	0907	01	00	0907	Y			M		DURHAM                        			1		Personal Banking                   			Northumbria House                  	Aykley Heads                       			Durham                        		DH1 	5TS 	0191      	5949400 	          	
236078	AXISGB2L	XXX	00	AXIS BANK UK LTD           	AXIS BANK UK LTD    	AXIS BANK UK LTD                   		0521		A		04/05/2018          	0	A	15/09/2015				0002	04	00	0002	06	Y	Y													I	19/08/2013		003	BARCGB22	XXX	N									N		21/11/2016					A	15/08/2013				01	00	0002	01	00	0002	Y	I		M		LONDON                        			1		AXIS BANK UK LTD                   			4 CHISWELL STREET                  				LONDON                        		EC1Y	4UP 	0207      	3972520 	          	
405047	BRASGB2L	XXX	00	15/17 KING ST LONDON EC2   	BANCO DO BRASIL S.A.	BANCO DO BRASIL SA                 		0124		A		24/09/2018          	0	A	06/06/2005				0005	01	00	0005	01	Y	Y													I	24/09/2018		006	NWBKGB55	XXX	N									F	03/04/2018		919 	000919		GB                  	N														M				King St                            	1		King St                            			P.O. Box 131                       	34 King St                         			London                        		EC2V	8ES 	020       	76067101	          	
165501	BSCHGB2L	XXX	00	LONDON                     	Banco Santander SA  	Banco Santander S.A.               		0143		A		13/11/2017          	0	A	06/06/2005				0010	02	00	0010	01	Y	N													I	09/07/2001		007	RBOSGB55	XXX	N									F	18/07/2017		10  	000010		GB                  	A	13/11/2017				01	00	0006	01	00	0006	Y	I		M				Triton Square                      	1		LONDON                             			2 Trition Square                   				London                        		NW1 	3AN 	020       	77565344	          	
700603	BKKBGB2L	XXX	00	LONDON GRESHAM ST          	BANGKOK BANK PCL    	BANGKOK BANK PUBLIC COMPANY LIMITED		0133		A		29/12/2017          	0	N		31/01/2018																						I	09/07/2001		006	NWBKGB55	XXX	N									N		15/02/2010					N		26/03/2008												M				St. Mary Axe                       	1		Bangkok Bank Public Company Limited	, St. Mary Axe                     		33 ST. MARY AXE                    				London                        		EC3A	8BY 	020       	79294422	          	
560075	POALGB2L	XXX	00	LONDON                     	BANK HAPOALIM B.M.  	BANK HAPOALIM BM                   		0136		A		12/05/2014          	0	N		31/05/2014																						I	09/07/2001		005	MIDLGB22	XXX	N		23/09/2008							N		12/05/2014					N		25/04/2014												M				London                             	1		London                             			81 Gracechurch Street              				London                        		EC3V	OAU 	020       	79735400	          	
301495	LUMIGB22	WES	00	LONDON BRANCH              	BANK LEUMI UK PLC   	BANK LEUMI (UK) PLC                		0137		A		31/07/2018          	0	A	06/06/2005				0004	01	00	0004	01	Y	Y													I	09/07/2001		005	MIDLGB22	XXX	N		23/09/2008							F	18/07/2017		4   	000004		GB                  	A	23/02/2008				01	00	0004	01	00	0004	Y	I		M				London                             	1		BANK LEUMI UK - LONDON             			20 Stratford Place                 				London                        		W1C 	1BG 	0203      	7721500 	          	
165050	BOFAGB22	XXX	00	LONDON BRANCH              	BANK OF AMERICA, NA 	BANK OF AMERICA, NA                		0145		A		18/07/2017          	0	A	08/07/2013			301635	0004	01	00	0004	01	N	Y	DR						AU						D	18/10/2010		019	BOFAGB22	XXX	N		23/09/2008							F	18/07/2017		10  	000010		GB                  	A	23/08/2013				01	00	0005	01	00	0005	Y	I		M				LONDON BRANCH                      	1		LONDON BRANCH                      			2 KING EDWARD STREET               				LONDON                        		EC1A	1HQ 	0207      	9960228 	          	
608386	BARBGB2L	XXX	00	City Road                  	BANK OF BARODA      	BANK OF BARODA                     		0148		A		04/01/2019          	0	A	14/12/2018				0006	01	00	0006	01	Y	Y													I	24/12/2018		006	NWBKGB55	XXX	N									F	04/01/2019		6   	000006		GB                  	A	14/12/2018				01	00	0006	01	00	0006	Y	I		M		LONDON                        			1		City Road                          			32 City Road                       				London                        		EC1Y	1BD 	020       	74571515	          	
405056	BCEYGB2L	XXX	00	1 DEVONSHIRE SQ LONDON EC2 	BANK OF CEYLON (UK) 	BANK OF CEYLON (UK) LIMITED        		0154		A		03/04/2018          	0	A	06/06/2005				0005	01	00	0005	01	Y	Y													I	09/07/2001		005	MIDLGB22	XXX	N		23/09/2008							F	03/04/2018		919 	000919		GB                  	A	23/09/2011				01	00	0005	01	00	0005	Y	I		M				Devonshire Square                  	1		Devonshire Square                  			1 Devonshire Square                				London                        		EC2M	4UJ 	020       	73771888	          	
165101	BKCHGB2L	XXX	00	LONDON BRANCH              	BANK OF CHINA LTD   	BANK OF CHINA LIMITED              		0157		A		18/07/2017          	0	A	09/05/2007				0010	02	00	0010	01	Y	N												R	D	02/05/2017		036	BKCHGB2L	XXX	N		23/09/2008							F	18/07/2017		10  	000010		GB                  	A	25/11/2011				01	00	0005	01	00	0005	Y	I		M		LONDON                        			1		LONDON BRANCH                      			1 Lothbury                         				LONDON                        		EC2R	7DB 	0207      	2828888 	          	
609390	BKIDGB2L	XXX	00	FINSBURY CIRCUS, EC2M 7DJ  	BANK OF INDIA       	BANK OF INDIA                      		0163		A		13/11/2017          	0	A	06/06/2005				0006	06	00	0006	01	N	Y													I	09/07/2001		005	MIDLGB22	XXX	N									F	18/07/2017		6   	000006		GB                  	A	13/11/2017				01	00	0006	01	00	0006	Y	I		M				Finsbury Circus (London Head Office	1		Finsbury Circus (London Head Office	)                                  		4th Floor                          	63 Queen Victoria Street           			London                        		EC4N	4UA 	020       	79652500	          	
609230	BOFMGB2X	XXX	00	9 QUEEN VICTORIA ST EC4    	BANK OF MONTREAL    	BANK OF MONTREAL                   		0172		A		12/11/2009          	0	N		31/12/2009																						I	09/07/2001		005	MIDLGB22	XXX	N									N		03/09/2007					N		19/03/2008												M				Wallbrook                          	1		Wallbrook                          			2nd Floor                          	11 WALLBROOK                       			London                        		EC4N	8ED 	020       	72361010	          	
235441	BOPIGB2L	XXX	00	Earl's Court               	Bank of Philippines 	BANK OF THE PHILIPPINE ISLANDS (EUR	OPE) PLC                           	0023		A		18/07/2017          	0	A	19/11/2007				0002	04	00	0002	06	Y	Y													I	20/08/2007		003	BARCGB22	XXX	N									F	18/07/2017		2   	000002		GB                  	A	30/12/2011				01	00	0002	01	00	0002	Y	I		M		LONDON                        		LONDON                             	1		Earl's Court                       			26A-27A Earl's Court Gardens       				London                        		SW5 	0SZ 	020       	78350088	          	
116701	BOFSGBS1	TTT	00	Live Branch Bristol APP 15 	Bank of Scotland plc	Bank of Scotland plc               		0008		A		23/08/2017          	0	M	18/09/2012				0008	01	00	0008	04	Y	N													I	01/10/2012		008	BOFSGB3E	XXX	N									F	23/08/2017		4   	000004		GB                  	A	07/02/2013				01	00	0004	01	00	0004	N	I		M			Lloyds Banking Group          		1		Live Branch Bristol APP 15         			Live and Usability Services        	Regent House                       	Bedminster                         	Bristol                            			BS9 	2EN 	          		          	
609492	BKTWGB2L	XXX	00	LONDON BRANCH              	BANK OF TAIWAN      	BANK OF TAIWAN                     		0300		A		18/07/2017          	0	N		31/12/2009																						I	27/09/2004		006	NWBKGB55	XXX	N									F	18/07/2017		6   	000006		GB                  	N		19/03/2008												M					1		LONDON BRANCH                      			40 Basinghall Street               				London                        		EC2V	5DE 	0207      	3824530 	          	
609587	HAVLGB2L	XXX	00	City of London Office      	BANQUE HAVILLAND SA 	BANQUE HAVILLAND SA                		0522		A		13/11/2017          	0	A	16/09/2015				0006	01	00	0006	01	N	Y													I	07/10/2013		006	NWBKGB55	XXX	N									N		12/02/2014					A	13/11/2017				01	00	0006	01	00	0006	Y	I		M		LONDON                        			1		City of London Office              			5 Savile Road                      				London                        		W1S 	3PB 	02070     	877999  	          	
200052	BARCGB5G	XXX	00	GLOBAL TREASURY SETTLEMENT 	BARCLAYS BANK PLC   	BARCLAYS BANK PLC                  		0002		A		18/07/2017          	0	M	06/06/2005				0002	01	01	0002	01	Y	N													I	03/06/2002		003	BARCGB22	XXX	N		23/09/2008							M	18/07/2017		2   	000002		GB                  	M	23/02/2008				01	00	0002	01	00	0002	Y			M				Global Treasury Settlement         	1		GLOBAL TREASURY SETTLEMENT         			 5 The North Colonnade             	Canary Wharf                       			London                        		E14 	4PU 	020       	76232323	          	
200070	BUKBGB21	CHP	00	CHAPS Repair Code          	BARCLAYS BANK UK PLC	BARCLAYS BANK UK PLC               		0934		A		18/01/2018          	0	M	10/07/2017				0934	01	01	0934	01	Y	N	DR	CR	CU		BS	DV	AU					R	I	17/07/2017		039	BUKBGB22	XXX	N									N		30/06/2017					N														M					1		CHAPS Repair Code                  			PO BOX 12                          	1 WIMBORNE ROAD                    			POOLE                         	DORSET                        	BH15	2BB 	01202     	403666  	          	
235911	BBVAGB2L	XXX	00	VAUXHALL LONDON N. 3.      	BILBADVIZCAYAARGENTI	BANCO BILBAO-VIZCAYA ARGENTARIA SA 		0121		A		20/08/2018          	0	A	06/06/2005				0002	04	00	0002	02	Y	Y													I	09/07/2001		003	BARCGB22	XXX	N									F	15/05/2018		2   	000002		GB                  	A	15/05/2018				01	00	0002	01	00	0002	Y	I		M				EASTCHEAP                          	1		VAUXHALL LONDON N. 3.              			17a St George Wharf                				London                        		SW8 	2LE 	020       	76233060	          	
041302	BIYSGB2L	XXX	00	Bilderlings Pay            	BILDERLINGS PAY     	BILDERLINGS PAY LTD                		0989		A		10/01/2019          	0	A	24/10/2018				0928	01	01	0928	01	Y	N	DR	CR	CU		BS	DV	AU						I	01/10/2018		038	CLRBGB22	XXX	N									N							A	21/09/2018				01	00	0928	01	00	0928	Y	I		M					1		Bilderlings Pay                    			Daws Lane Business Centre          	33-35 Daws Lane                    			London                        	London                        	NW7 	4SD 	0208      	9066889 	0208      	9066889 
405276	BMRIGB2L	XXX	00	Cardinal Court             	BK MANDIRI (EUROPE) 	BANK MANDIRI (EUROPE) LTD          		0275		A		28/04/2017          	0	A	06/06/2005				0005	01	44	0005	01	Y	Y													I	01/03/2004		005	MIDLGB22	XXX	N									N		28/04/2017					N														M				Bank Mandiri (Europe) LTD          	1		Cardinal Court                     			Cardinal Court                     	23 Thomas More Street              			London                        		E1W 	1YY 	020       	73294424	          	
700518	SGWLGB22	XXX	00	Global Payments & Tsy Svs  	Bk NY Mellon Int    	THE BANK OF NEW YORK MELLON INTERNA	TIONAL LTD                         	0841		A		09/04/2019          	0	A	06/06/2005				0002	04	00	0002	02	Y	Y			CU										I	05/09/2016		018	IRVTGB2X	XXX	N									N		26/07/2017					A	19/12/2011				01	00	0002	01	00	0002	Y	I		M					1		Global Payments & Tsy Svs          			1 Piccadilly Gardens               				Manchester                    		M1  	1RN 	0161      	7253310 	          	
609371	BARBGB22	XXX	00	CITY ROAD                  	BK OF BARODA(UK) LTD	BANK OF BARODA (UK) LIMITED        		0972		A		04/01/2019          	0	A	06/06/2005				0006	06	00	0006	01	N	Y													I	14/06/2010		006	NWBKGB55	XXX	N									F	18/07/2017		6   	000006		GB                  	A	13/11/2017				01	00	0006	01	00	0006	Y	I		M				City Road                          	1		City Road                          			32 City Road                       				London                        		EC1Y	2BD 	020       	74571515	          	
608376	COMMGB3L	XXX	00	Bk of Comms London Branch  	Bk of Comms Co. Ltd 	Bank of Communications Co. Limited 		0939		A		26/07/2017          	0	N																								I	17/10/2016		006	NWBKGB55	XXX	N									N							N														M		LONDON                        		London                             	1		Bank of Communications London Branc	h                                  		4th Floor                          	1 Bartholomew Lane                 			London                        		EC2N	2AX 	0207      	6147631 	          	
300098	BEASGB2L	XXX	00	LONDON                     	BK OF EAST ASIA LTD 	BANK OF EAST ASIA LTD              		0204		A		18/07/2017          	0	A	06/06/2005				0004	01	01	0004	01	Y	Y													I	10/12/2001		004	LOYDGB2L	XXX	N									F	18/07/2017		4   	000004		GB                  	A	23/02/2008				01	00	0004	01	00	0004	Y	I		M				Shaftesbury Ave                    	1		Shaftesbury Ave                    			75 Shaftesbury Avenue              				London                        		W1D 	5BB 	020       	77343434	          	
165562	IRVTGB2X	RTN	00	LONDON, CHAPS RETURNS      	Bk of NY Mellon     	THE BANK OF NEW YORK MELLON        		0514		A		04/03/2015          	0	N																							R	I	19/05/2014		018	IRVTGB2X	XXX	N									N							N														M					1		BNY MELLON LONDON, CHAPS RETURNS   			1 Canada Square                    				London                        		E14 	5AL 	0161      	6873486 	          	
300250	LOYDGB21	F78	00	BMM                        	BK SCOT/BIRM M'SHIRE	BANK OF SCOTLAND TRADING AS BIRMING	HAM MIDSHIRES                      	0190		A		15/03/2019          	0	A	15/03/2019				0004	01	00	0004	01	N	Y							AU						I	28/08/2018		004	LOYDGB2L	XXX	N									F	13/09/2018		4   	000004		GB                  	A	20/08/2018				01	00	0004	01	00	0004	N	I		M					1		BM Mortgages 300250                			The Mound                          				Edinburgh                     		EH1 	1YZ 	0121      	6234939 	          	
230123	MEDTGB2L	XXX	00	BMCE BANK INTL PLC         	BMCE BANK INTL PLC  	BMCE BANK INTERNATIONAL PLC        		1015		A		18/03/2019          	0	N																								I	18/03/2019		003	BARCGB22	XXX	N									N							N														M					1		BMCE BANK INTL PLC                 			26 UPPER BROOK STREET              				LONDON                        		W1K 	7QE 	0207      	4295500 	          	
405037	BKCHGB2U	XXX	00	90 CANNON ST LONDON EC4N   	BNK of CHINA UK     	BANK OF CHINA (UK) LTD             		0026		A		03/04/2018          	0	A	06/06/2005		R		0005	01	00	0005	01	Y	Y													I	19/11/2007		007	RBOSGB55	XXX	N		23/09/2008							F	03/04/2018		919 	000919		GB                  	A	25/11/2011				01	00	0005	01	00	0005	Y	I		M				Cannon St                          	1		Cannon St                          			90 Cannon Street                   				London                        		EC4N	6HA 	020       	72828888	          	
234635	BNPAGB22	XXX	00	London branch (sterling)   	BNP PARIBAS         	BNP PARIBAS                        		0241		A		18/07/2017          	0	A	06/06/2005				0002	04	00	0002	02	N	Y													D	13/07/2015		034	BNPAGB22	XXX	N									F	18/07/2017		2   	000002		GB                  	A	18/05/2012				01	00	0005	01	00	0005	N	I		M					1		London branch (sterling)           			10 Harewood Avenue                 				London                        		NW1 	6AA 	020       	75952000	          	
609588	PARBGB2L	XXX	00	London (Clients)           	BNP PARIBAS SECURITI	BNP PARIBAS SECURITIES SERVICES    		0114		A		13/11/2017          	0	A	12/07/2013				0006	01	00	0006	01	Y	N	DR		CU				AU						I	19/09/2016		034	BNPAGB22	XXX	N									N							A	13/11/2017				01	00	0006	01	00	0006	Y	I		M		LONDON                        			1		London (Clients)                   			Clearing Settlement & Custody      	55 Moorgate                        			London                        		EC2R	6PA 	0207      	5952000 	          	
301657	BOFIGB22	XXX	00	POST OFFICE CURRENT ACCOUNT	BOI UK PLC          	BANK OF IRELAND (UK) PLC           		0018		A		31/07/2018          	0	A	04/09/2012				0004	01	00	0004	03	N	N													I	16/08/2010		006	NWBKGB55	XXX	N		23/09/2008							M	24/10/2017		18  	000018		GB                  	A	13/11/2017				01	00	0006	01	00	0006	Y	I		M				Post Office Current Acc            	1		POST OFFICE CURRENT ACCOUNT        			PO Box 86                          				Armagh                        		BT61	OBL 	0345      	2668977 	          	
405132	BACMGB2L	XXX	00	British Arab Commercial Bk 	BRIT ARAB COMM BANK 	BRITISH ARAB COMMERCIAL BANK LTD   		0811		A		23/04/2015          	0	A	23/04/2015				0005	01	00	0005	01	Y	Y	DR	CR	CU		BS	DV	AU						I	30/03/2015		003	BARCGB22	XXX	N									N		27/03/2015					N		14/11/2014												M				British Arab Commercial Bank Ltd   	1		British Arab Commercial Bank Ltd   			8-10 Mansion House Place           				London                        		EC4N	8BJ 	020       	76487777	          	
600168	BSCOGB2L	XXX	00	LOTHBURY EC2               	BROWN SHIPLEY       	BROWN, SHIPLEY & CO LTD            		0250		A		13/11/2017          	0	A	25/10/2013				0006	06	00	0006	01	N	Y			CU										I	09/07/2001		006	NWBKGB55	XXX	N									F	18/07/2017		6   	000006		GB                  	A	13/11/2017				01	00	0006	01	00	0006	Y	I		M				Lothbury                           	1		Lothbury                           			Founders Court                     	Lothbury                           			London                        		EC2R	7HE 	020       	76069833	          	
231976	BYBBGB2L	XXX	00	LONDON                     	BYBLOS BANK S.A.L   	BYBLOS BANK EUROPE SA              		0255		A		18/07/2017          	0	A	06/06/2005				0002	04	00	0002	06	Y	Y													I	06/12/2004		003	BARCGB22	XXX	N		23/09/2008							F	18/07/2017		2   	000002		GB                  	A	23/12/2011				01	00	0002	01	00	0002	Y	I		M				BERKELEY SQUARE LONDON             	1		LONDON                             			BERKELEY SQUARE HOUSE              	BERKELEY SQUARE                    			LONDON                        		W1J 	6BS 	020       	74933537	          	
159900	HOABGB2L	XXX	00	FLEET STREET               	C HOARE & CO        	C HOARE & CO                       		0022		A		13/11/2017          	0	A	06/06/2005				0010	02	00	0010	01	Y	N													I	09/07/2001		007	RBOSGB55	XXX	N		23/09/2008							F	18/07/2017		10  	000010		GB                  	A	13/11/2017				01	00	0006	01	00	0006	Y	I		M				Fleet St                           	1		Fleet St                           			37 FLEET ST                        				London                        		EC4P	4DQ 	020       	73534522	          	
608362	CAIXGB2L	XXX	00	CAIXABANK SA               	CAIXABANK SA        	CAIXABANK SA                       		0909		A		13/11/2017          	0	A	24/02/2016				0006	01	00	0006	01	Y	Y													I	11/01/2016		006	NWBKGB55	XXX	N									F	18/07/2017		6   	000006		GB                  	A	13/11/2017				01	00	0006	01	00	0006	Y	I		M		LONDON                        			1		CAIXABANK SA UK BRANCH             			8th Floor                          	63 St Mary Axe                     			London                        		EC3A	8AA 	0207      	3980160 	          	
405143	CNRBGB2L	XXX	00	10 Chiswell St London      	CANARA BANK         	CANARA BANK                        		0260		A		03/04/2018          	0	A	06/06/2005				0005	01	00	0005	01	Y	Y													I	09/07/2001		005	MIDLGB22	XXX	N									F	03/04/2018		919 	000919		GB                  	N														M				Chiswell St EC1Y 4UQ               	1		Chiswell St EC1Y 4UQ               			Longbow House                      	10 Chiswell Street                 			London                        		EC1Y	4UQ 	020       	76282187	          	
165709	RFSEGB21	XXX	00	CATER ALLEN PRIVATE BANK 1 	CATER ALLEN LTD     	CATER ALLEN LTD                    		0262		A		22/06/2018          	0	A	22/06/2018				0010	02	00	0010	01	Y	N	DR	CR	CU		BS	DV	AU						I	09/07/2001		007	RBOSGB55	XXX	N									N		23/04/2018					N		22/06/2018												M				Cater Allen Private Bank 1         	1		Cater Allen Private Bank 1         			9 Nelson Street                    				Bradford                      		BD1 	5AN 	0800      	0925500 	          	
609189	CCBCGB2L	XXX	00	BASINGHALL STREET EC2V 5DE 	CHANG HWA COM BK LTD	CHANG HWA COMMERCIAL BANK LTD      		0274		A		13/11/2017          	0	A	06/06/2005				0006	06	01	0006	01	N	Y													I	09/07/2001		006	NWBKGB55	XXX	N									F	18/07/2017		6   	000006		GB                  	A	13/11/2017				01	00	0006	01	00	0006	Y	I		M				Basinghall St                      	1		Basinghall St                      			Level 6, City Tower                	Basinghall St                      			London                        		EC2V	5DE 	020       	76006600	          	
602610	CHBAGB2L	XXX	00	REGINA HOUSE LONDON        	CHIBA BANK LTD      	CHIBA BANK LTD                     		0294		A		06/06/2013          	0	N		30/11/2008																						I	12/09/1997		006	NWBKGB55	XXX	N									N							N														M		LONDON                        		REGINA HOUSE LONDON                	1		REGINA HOUSE LONDON                			3rd Floor                          	Regina House                       	1 Queen Street                     		London                        		EC4N	1SW 	0207      	3153111 	          	
301631	CIBBGB2L	XXX	00	27 KNIGHTSBRIDGE LONDON    	CIMB BK BERHAD      	CIMB BANK BERHAD                   		0156		A		18/07/2017          	0	A	06/06/2005				0004	01	00	0004	01	N	Y													I	18/02/2002		004	LOYDGB2L	XXX	N									F	18/07/2017		4   	000004		GB                  	A	23/02/2008				01	00	0004	01	00	0004	N	I		M				Cavendish Square                   	1		27 KNIGHTSBRIDGE LONDON            			GROUND & LOWER GROUND FLOOR        	27 KNIGHTSBRIDGE                   			LONDON                        		SW1X	7YB 	0207      	2013150 	          	
185005	CITIGB2L	CHP	00	CITIBANK REPAIR SORT CODE  	CITIBANK NA         	CITIBANK NA                        		0288		A		06/06/2013          	0	M	15/11/2011				0288	02	01	0288	01	Y	N	DR	CR	CU		BS	DV	AU					R	I	09/07/2001		016	CITIGB2L	XXX	N									N							N														M		LONDON                        		Citiibank London                   	1		Citibank NA                        			Cotigroup Centre                   	Canada Square                      	Canary wharf                       		London                        		E14 	5LB 	020       	75005000	          	
041307	CLJUGB21	XXX	00	ClearJunction LTD          	CLEAR JUNCTION      	CLEAR JUNCTION LIMITED             		0993		A		24/01/2019          	0	A	24/01/2019				0928	01	01	0928	01	Y	N	DR		CU		BS	DV	AU						I	12/11/2018		038	CLRBGB22	XXX	N									N							A	01/11/2018				01	00	0928	01	00	0928	Y	I		M					1		ClearJunction LTD                  			17 Hanover Square                  				London                        	London                        	W1S 	1BN 	0203      	8654565 	0203      	8654565 
040400	CLRBGB22	XXX	00	ClearBank CHAPS            	CLEARBANK           	CLEARBANK LIMITED                  		0928		A		26/04/2019          	0	N																							R	D	15/05/2017		038	CLRBGB22	XXX	N									N							N														M					1		ClearBank CHAPS                    			5th Floor                          	9 Devonshire Square                			LONDON                        	LONDON                        	EC2M	4YF 	0203      	1111312 	0203      	1111312 
165187	CBRLGB2L	XXX	00	10 CROWN PLACE  LONDON     	CLOSE BROTHERS LTD  	CLOSE BROTHERS LIMITED             		0297		A		13/11/2017          	0	A	19/05/2011				0010	02	00	0010	01	Y	N	DR						AU						I	15/10/2001		007	RBOSGB55	XXX	N		23/09/2008							N							A	13/11/2017				01	00	0006	01	00	0006	Y	I		M		LONDON                        		10 Crown Place London              	1		Appold St                          			10 Crown Place                     				London                        		EC2A	4FT 	020       	74264000	          	
820403	CLYDGB21	647	00	LONDON GRESHAM STREET      	CLYDESDALE          	CLYDESDALE BANK PLC                		0009		A		18/07/2017          	0	M	06/06/2005				0009	01	00	0009	01	Y	N													I	09/07/2001		009	CLYDGBCH	XXX	N		23/09/2008							M	18/07/2017		9   	000009		GB                  	M	23/02/2008				01	00	0009	01	00	0009	Y			L	821107			Gresham Street                     	1		Gresham Street                     			154 to 158 Kensington High Street  				London                        		W8  	7RL 	0800      	3457365 	0141      	9587830 
080050	CPBKGB21	CLG	00	PAYMENT OPERATIONS         	CO-OPERATIVE BANK   	THE CO-OPERATIVE BANK PLC          		0021		A		04/04/2019          	0	M	26/09/2013				0021	01	00	0021	01	Y	N													I	20/08/2001		010	CPBKGB22	XXX	N		23/09/2008							M	03/04/2018		21  	000021		NI                  	M	05/08/2011				01	00	0021	01	00	0021	N			M		HEAD OFFICE                   			1		PAYMENT OPERATIONS                 			P.O. Box 101                       	4th Floor                          	1 Balloon Street                   		Manchester                    		M60 	4EP 	0345      	6006000 	          	
301242	COBAGB2X	XXX	00	LONDON                     	COMMERZBANK A G     	COMMERZBANK AG                     		0304		A		06/06/2013          	0	N		31/10/2007																						I	09/07/2001		005	MIDLGB22	XXX	N									N		24/07/2007					N														M				London                             	1		London                             			60 Gracechurch Street              				London                        		EC3V	0HR 	0207      	6537413 	          	
608384	CNFVGB21	XXX	00	CONTIS FIN SERV LTD        	CONTIS FIN SERV LTD 	CONTIS FINANCIAL SERVICES LIMITED  		0927		A		20/06/2019          	0	A	15/03/2019				0928	01	01	0928	01	Y	N	DR						AU						I	11/03/2019		038	CLRBGB22	XXX	N									N							A	15/03/2019				01	00	0928	01	00	0928	Y	I		M		BRADFORD                      			1		Contis Financial Services Limited  			Navigation House                   	Belmont Wharf                      	Skipton                            				BD23	1RL 	01756     	693240  	          	
185050	COUTGB22	XXX	00	LONDON                     	COUTTS              	COUTTS & CO                        		0003		A		06/06/2013          	0	M	03/04/2012				0003	01	01	0006	02	Y	N	DR	CR	CU		BS	DV	AU						I	16/07/2001		006	NWBKGB55	XXX	N		23/09/2008							N							N														M					1		LONDON                             			440 Strand                         				London                        		WC2R	0QS 	0207      	7531000 	          	
501032	CRLYGB2L	XXX	00	CREDIT AGRICOLE CIB        	CREDIT AGRICOLE C&I 	CREDIT AGRICOLE CORPORATE & INVESTM	ENT BANK                           	0211		A		22/06/2015          	0	A	21/12/2011				0006	06	00	0006	01	N	Y		CR											I	28/06/2004		005	MIDLGB22	XXX	N									N							N		14/03/2008												M		LONDON                        		5 Appold Street                    	1		CREDIT AGRICOLE CIB                			5 Appold Street                    				London                        		EC2A	2DA 	0207      	2145000 	          	
700808	CMCIGB2L	XXX	00	125 FINSBURYPAVEMENT LONDON	CREDIT INDUSTRIEL &C	Credit Industriel et Commercial    		0337		A		22/06/2015          	0	N		30/04/2009																						I	09/02/2004		006	NWBKGB55	XXX	N									N		15/01/2010					N														M				Finsbury Pavement                  	1		Compagnie Financiere de CIC et de l	'Union Europeenne, Finsbury Pavemen	t                                  	Finsbury Circus House              	15 Finsbury Circus                 			London                        		EC2M	7EB 	0203      	6189600 	          	
608368	CRASGB2L	XXX	00	Crown Agents Bank          	CROWN AGENTS        	CROWN AGENTS BANK LIMITED          		0257		A		13/11/2017          	0	A	27/01/2017				0006	01	00	0006	01	Y	Y													I	04/07/2016		006	NWBKGB55	XXX	N									N							A	13/11/2017				01	00	0006	01	00	0006	Y	I		M					1		Crown Agents Bank                  			St Nicholas House                  	St Nicholas Road                   			Sutton                        	Surrey                        	SM1 	1EL 	077       	39899841	          	
165221	CMBSGB21	XXX	00	Cumberland BS              	CUMBERLAND BLG SOC  	CUMBERLAND BUILDING SOCIETY        		0350		A		18/05/2018          	0	A	12/09/2014				0002	04	00	0002	06	Y	Y													I	06/05/2014		003	BARCGB22	XXX	N									F	18/05/2018		2   	000002		GB                  	A	10/08/2012				01	00	0002	01	00	0002	Y	I		M				Carlisle                           	1		Cumberland BS                      			Cumberland Hse                     	Cooper Way                         			Carlisle                      	Cumbria                       	CA3 	0JF 	01228     	403141  	          	
406377	BCYPGB2L	XXX	00	CYNERGY BANK LIMITED       	CYNERGY BANK LTD    	CYNERGY BANK LIMITED               		0234		A		23/01/2019          	0	A	03/11/2011				0005	01	44	0005	01	Y	Y													I	07/11/2011		005	MIDLGB22	XXX	N									F	03/04/2018		919 	000919		GB                  	A	21/02/2011				01	00	0005	01	00	0005	Y	I		M					1		CYNERGY BANK LIMITED               			PO Box 17484                       	87 Chase Side                      			London                        		N14 	5WH 	0845      	8505555 	          	
301275	DBSSGB2L	XXX	00	DBS BANK LTD               	DBS BANK LTD        	DBS BANK LTD                       		0366		A		23/04/2018          	0	A	06/06/2005				0004	01	00	0004	01	N	Y													I	03/06/2002		004	LOYDGB2L	XXX	N		23/09/2008							N		23/04/2018					A	23/02/2008				01	00	0004	01	00	0004	N	I		M				LONDON BRANCH                      	1		LONDON BRANCH                      			4th Floor                          	Paternoster House                  	65 St Paul's Churchyard            		LONDON                        		EC4M	8AB 	020       	74896550	          	
300030	DEUTGB22	DCC	00	DEUTSCHE BANK AG DCC.      	DEUTSCHE BANK       	DEUTSCHE BANK AG                   		0364		A		30/06/2016          	0	A	04/02/2008				0004	01	01	0004	01	N	Y	DR	CR	CU		BS	DV	AU						I	04/02/2008		017	DEUTGB3L	XXX	N									N		04/02/2008					N														M				DEUTSCHE BANK AG-DCC               	1		DEUTSCHE BANK AG- DCC              			Deutsche Bank AG DCC               	15 Austin Friars                   			London                        		EC2N	2HE 	020       	79034942	          	
231618	EBURGBB1	XXX	00	EBURY PARTNERS UK LTD      	EBURY PARTNERS      	EBURY PARTNERS UK LIMITED          		0948		A		19/04/2018          	0	N																								I	16/04/2018		003	BARCGB22	XXX	N									N							A	23/02/2018				01	00	0002	02	00	0948	N	D		M		LONDON                        			1		EBURY PARTNERS UK LTD              			100 Victoria Street                				London                        		SW1E	5JL 	0203      	8726670 	          	
041304	ECOLGB21	XXX	00	Ecology Building Society   	ECOLOGY BUILDING SOC	ECOLOGY BUILDING SOCIETY           		0984		A		12/04/2019          	0	A	12/04/2019				0928	01	01	0928	01	Y	N	DR		CU		BS	DV	AU						I	01/10/2018		038	CLRBGB22	XXX	N									N							A	21/09/2018				01	00	0928	01	00	0928	Y	I		M					1		Ecology Building Society           			7 Belton Road                      	Silsden                            			Keighley                      	West Yorkshire                	BD20	0EE 	01535     	650770  	          	
231134	EFGBJESH	XXX	00	St Helier Jersey           	EFG PRIVATE BANK LTD	EFG PRIVATE BANK LTD               		0723		A		18/07/2017          	0	A	24/12/2007				0002	04	00	0002	06	N	Y													I	11/02/2008		003	BARCGB22	XXX	N		23/09/2008							F	18/07/2017		2   	000002		GB                  	A	20/01/2012				01	00	0002	01	00	0002	Y	I		M				Jersey St Helier                   	1		St Helier Jersey                   			P O Box 641                        	1 Seaton Place                     			St Helier                     	Jersey                        	JE4 	8YJ 	01481     	723432  	          	
235863	EBILGB2L	XXX	00	SLOANE ST LONDON           	EMIRATES NBD        	EMIRATES NBD PJSC                  		0660		A		18/07/2017          	0	A	06/06/2005				0002	04	00	0002	06	N	Y													I	27/01/2014		003	BARCGB22	XXX	N									F	18/07/2017		2   	000002		GB                  	A	23/12/2011				01	00	0002	01	00	0002	Y	I		M				Sloane St                          	1		Sloane St                          			Emirates NBD House                 	1st Floor                          	25 Knightsbridge                   		London                        		SW1X	7LY 	020       	78382222	          	
040476	ENUMGB21	XXX	00	Enumis Limited             	ENUMIS LIMITED      	ENUMIS LIMITED                     		0981		A		31/01/2019          	0	A	20/04/2018				0928	01	01	0928	01	Y	N													I	03/04/2018		038	CLRBGB22	XXX	N									N							A	31/01/2019				01	00	0928	01	00	0928	Y	I		M					1		Enumis Limited                     			Latif House                        	First Way                          			Wembley                       	Wembley                       	HA9 	0JD 	0208      	7951714 	          	
608309	ARABGB2L	XXX	00	LONDON                     	Europe Arab Bank Plc	Europe Arab Bank Plc               		0100		A		13/11/2017          	0	A	15/09/2015				0006	01	00	0006	01	Y	N													I	12/01/2015		006	NWBKGB55	XXX	N									F	18/07/2017		6   	000006		GB                  	A	13/11/2017				01	00	0006	01	00	0006	Y	I		M		LONDON                        		London                             	1		London                             			13-15 Moorgate                     				London                        		EC2R	6AD 	0207      	3158500 	          	
405204	FBNIGB2L	XXX	00	28 FINSBURY CIRCUS         	FBN BANK UK LIMITED 	FBN BANK UK LTD                    		0401		A		03/04/2018          	0	A	06/06/2005				0005	01	44	0005	01	Y	Y													I	09/07/2001		005	MIDLGB22	XXX	N									F	03/04/2018		919 	000919		GB                  	A	27/01/2012				01	00	0005	01	00	0005	Y	I		M				FBN BANK (UK) LIMITED              	1		FBN BANK (UK) LIMITED              			FBN Bank (UK) Ltd                  	28 Finsbury circus                 			London                        		EC2M	7DT 	020       	79204920	          	
301309	FCBKGB2L	XXX	00	LONDON                     	FIRST COMMERCIAL BK 	FIRST COMMERCIAL BANK              		0393		A		18/07/2017          	0	A	06/06/2005				0004	01	00	0004	01	N	Y													I	09/07/2001		005	MIDLGB22	XXX	N									F	18/07/2017		4   	000004		GB                  	A	23/02/2008				01	00	0004	01	00	0004	N	I		M				Wilson St                          	1		Wilson St                          			29 Wilson St                       				London                        		EC2M	2SJ 	020       	74170000	          	
938831	FTBKGB2B	XXX	00	BELFAST INTL BANKING       	FIRST TRUST BANK    	AIB GROUP (UK) PLC (TRADING NAME FI	RST TRUST BANK)                    	0411		A		12/04/2018          	0	A	23/11/2010				0056	03	00	0056	03	Y	N													I	16/05/2005		005	MIDLGB22	XXX	N		23/09/2008							F	28/09/2017		56  	000056		NI                  	N		07/11/2011												M		BELFAST                       		Customer Services UK               	1		Customer Services Uk               			First Trust Centre                 	92 Ann St                          			Belfast                       		BT1 	3HH 	0345      	6005925 	          	
609263	GHIBGB2L	XXX	00	CHEAPSIDE EC2P 2BB         	GHANA INTERNATIONAL 	GHANA INTERNATIONAL BANK PLC       		0436		A		13/11/2017          	0	A	06/06/2005				0006	06	01	0006	01	Y	Y													I	07/12/2009		006	NWBKGB55	XXX	N									F	18/07/2017		6   	000006		GB                  	A	13/11/2017				01	00	0006	01	00	0006	Y	I		M				Cheapside                          	1		Cheapside                          			P.O. Box 77                        	67 CHEAPSIDE                       			London                        		EC2V	6AZ 	0207      	6530360 	          	
609280	SINTGB2L	XXX	00	LONDON                     	GULF INTL BANK (UK) 	GULF INTERNATIONAL BANK (UK) LTD   		0444		A		23/08/2016          	0	A	08/12/2009				0006	06	01	0006	01	Y	Y	DR	CR	CU		BS	DV	AU						I	09/07/2001		006	NWBKGB55	XXX	N									N		23/08/2016					N		19/03/2008												M		LONDON                        		Knightsbridge                      	1		Knightsbridge                      			1 Knightsbridge                    				London                        		SW1X	7XS 	0207      	2593456 	          	
700672	HBZUGB2L	XXX	00	Habib Bank AG Zurich       	HABIB BANK ZURICH   	HABIB BANK ZURICH PLC              		0459		A		13/11/2017          	0	A	06/06/2005				0006	07	00	0006	01	N	Y			CU										I	28/10/2002		006	NWBKGB55	XXX	N									N							A	13/11/2017				01	00	0006	01	00	0006	Y	I		M		LONDON                        	London                        	Moorgate,London                    	1		Habib Bank AG Zurich               			42 Moorgate                        					London                        	EC2R	6JJ 	0207      	4520276 	          	
110001	HLFXGB21	F08	00	HALIFAX COMMERCIAL STREET  	HALIFAX             	HALIFAX (A TRADING NAME OF BANK OF 	SCOTLAND PLC)                      	0012		A		23/08/2017          	0	A	06/06/2005				0008	01	00	0008	04	N	N			CU										I	22/12/2003		008	BOFSGB3E	XXX	N		23/09/2008							F	23/08/2017		4   	000004		GB                  	A	12/09/2011				01	00	0004	01	00	0004	N	I		M		HALIFAX                       		Halifax Commercial St (110001)     	1		Halifax Commercial St (110001)     				P O Box 722                        			Leeds                         	West Yorkshire                	LS1 	9GG 	0345      	7394959 	          	
405162	HANDGB22	XXX	00	Handelsbanken              	HANDELSBANKEN       	HANDELSBANKEN PLC                  		0795		A		03/04/2018          	0	A	06/06/2005				0005	01	00	0005	01	Y	N													D	11/11/2013		013	HANDGB22	XXX	N									F	03/04/2018		919 	000919		GB                  	A	03/06/2008				01	00	0005	01	00	0005	Y	I		M				Thomas More St                     	1		Handelsbanken                      			3 Thomas More Square               				London                        		E1W 	1WY 	020       	75788000	          	
700319	HABBGB2L	XXX	00	LONDON                     	HBL BANK UK LIMITED 	HBL BANK UK LIMITED T/A HBL BANK UK		0454		A		17/03/2017          	0	N		31/01/2012																						I	09/07/2001		006	NWBKGB55	XXX	N									N		14/12/2009					N		26/03/2008												M		LONDON                        			1		London                             			9 Portman Street                   				London                        		W1H 	6DZ 	0207      	7801000 	          	
122130	HEGIGB21	XXX	00	HERITABLE & GENERAL INV BK 	HERITABLE BANK LTD  	Heritable Bank Limited             		0478		A		23/04/2018          	0	A	21/10/2009				0008	01	00	0008	01	Y	Y	DR	CR	CU		BS	DV	AU						I	09/07/2001		008	BOFSGB3E	XXX	N									N		23/04/2018					N														M				Berkeley Square                    	1		Berkeley Square                    			8 Hill Street                      	Berkeley Swaure                    			London                        		W1J 	5NG 	020       	74936621	          	
404869	HSBCGB2L	XXX	00	10 LOWER THAMES ST. LONDON 	HONGKONG SHANGHAI   	THE HONGKONG AND SHANGHAI BANKING C	ORPORATION LTD                     	0493		A		23/09/2008          	0	A	06/06/2005				0005	01	44	0005	01	N	N	DR	CR	CU		BS	DV	AU						I	09/07/2001		005	MIDLGB22	XXX	N		23/09/2008							N							N														M				Lower Thames St                    	1		Lower Thames St                    			10 LOWER THAMES ST                 				London                        		EC3R	6AE 	020       	72600555	          	
400001	MIDLGB21	15M	00	HEAD OFFICE EC2            	HSBC BANK PLC       	HSBC BANK PLC                      		0005		A		03/04/2018          	0	M	21/12/2011				0005	01	01	0005	01	Y	N		CR											I	13/11/2017		005	MIDLGB22	XXX	N		23/09/2008							F	03/04/2018		919 	000919		GB                  	N		04/06/2008												M				Sterling Money Market Operations   	1		Sterling Money Market Operations, E	C3                                 		Thames Exchange                    	10 Queen Street Place              			London                        		EC4R	1BE 	020       	73362000	          	
400550	SMCOGB2P	XXX	00	8 Cork Street              	HSBC PRIVATE BANK   	HSBC PRIVATE BANK (UK) LTD         		0631		A		03/10/2018          	0	A	16/10/2017				0919	01	44	0919	01	Y	N													I	25/09/2017		037	HBUKGB4B	XXX	N									F	03/04/2018		919 	000919		GB                  	A	16/10/2017				01	00	0919	01	00	0919	Y	I		M				HSBC Private Bank (UK) Ltd         	1		8 Cork Street                      			8 Cork Street                      				London                        		W1S 	1LJ 	          		          	
400002	HBUKGB41	69B	00	HEAD OFFICE EC2            	HSBC UK BANK PLC    	HSBC UK BANK PLC                   		0919		A		03/04/2018          	0	M	25/09/2017				0919	01	01	0919	01	Y	N													I	18/09/2017		037	HBUKGB4B	XXX	N		23/09/2008							M	03/04/2018		919 	000919		GB                  	M	25/09/2017				01	00	0919	01	00	0919	Y			M		LONDON                        	Head Office Branch            	Head Office Branch                 	1		London, Head Office Branch EC3     			P.O.Box 125                        	2nd Floor                          	62-76 Park Street                  		London                        		SE1 	9DZ 	0845      	6064321 	          	
406243	ICBKGB2L	XXX	00	ICBC (LONDON) LTD          	ICBC (LONDON) PLC   	ICBC (LONDON) PLC                  		0884		A		18/06/2018          	0	A	13/06/2006				0005	01	44	0005	01	Y	Y													I	19/12/2011		005	MIDLGB22	XXX	N									N		18/06/2018					A	09/12/2011				01	00	0005	01	00	0005	Y	I		M				ICBC (LONDON) LTD                  	1		ICBC (LONDON) LTD                  			81 KING WILLIAM STREET             				LONDON                        		EC4N	7BG 	0207      	3978869 	          	
232290	IFXSGB2L	XXX	00	IFX (UK) LTD               	IFX (UK) LTD        	IFX (UK) LTD                       		0961		A		31/07/2018          	0	N																								I	04/12/2017		003	BARCGB22	XXX	N									N							A	31/07/2018				01	00	0002	01	00	0002	Y	I		M		LONDON                        			1		IFX (UK) LTD                       			11 BAKER STREET                    				LONDON                        		W1U 	3AH 	0207      	4958888 	          	
406283	IBKOGB2L	XXX	00	Industrial Bank of Korea   	Ind Bk of Korea     	Industrial Bank of Korea           		0007		A		21/01/2015          	0	A	21/01/2015				0005	01	44	0005	01	Y	Y	DR												I	16/04/2007		005	MIDLGB22	XXX	N									N							N														M		LONDON                        		London                             	1		Industrial Bank of Korea           			Leaf B 38th Floor                  	Tower 42                           	25 Old Broad Street                		London                        		EC2N	1HQ 	020       	72568900	          	
235889	ORUNGB3L	XXX	00	Orwel Union Partners LLP   	IPAGOO LLP          	IPAGOO LLP                         		0535		A		20/08/2018          	0	N																							R	D	20/08/2018		045	ORUNGB3L	XXX	N									N							N														M		LONDON                        			1		Orwel Union Partners LLP           			110 Fenchurch Street               				London                        		EC3M	5JT 	0207      	4584420 	          	
405206	CHASGB22	XXX	00	J.P. Morgan Europe Ltd     	JP MORGAN EUROPE LTD	J P Morgan Europe Ltd              		0162		A		21/08/2014          	0	N		31/08/2008																						I	21/06/2010		021	CHASGB2L	XXX	N									N							N		03/03/2008												M				Canary Wharf                       	1		Canary Wharf                       			25 Bank Street                     	Canary Wharf                       			London                        		E14 	5JP 	0207      	7426000 	          	
609591	JPMGGB2L	XXX	00	Private Bank               	JP MORGAN INT BANK  	JP MORGAN INTERNATIONAL BANK LIMITE	D                                  	0382		A		13/11/2017          	0	A	10/01/2012				0006	01	00	0006	01	Y	N	DR	CR	CU		BS	DV	AU						I	08/10/2012		006	NWBKGB55	XXX	N									N							A	13/11/2017				01	00	0006	01	00	0006	Y	I		M		LONDON                        		London                             	1		Private Bank                       			Richard Walton                     	PO Box 68214                       	1, Knightsbridge                   		London                        		SW1P	9UH 	020       	77422826	          	
609242	CHASGB2L	XXX	00	EMEA Treasury Services Oper	JPMORGAN CHASE BK   	JPMORGAN CHASE BANK, N.A.          		0286		A		13/11/2017          	0	A	18/08/2009				0006	06	01	0006	05	Y	N													D	21/06/2010		021	CHASGB2L	XXX	N									F	18/07/2017		6   	000006		GB                  	A	13/11/2017				01	00	0006	01	00	0006	Y	I		M		BOURNEMOUTH                   			1		EMEA Treasury Services Operations  			1st Floor, Hampshire Building      	Chaseside                          			Bournemouth                   	Dorset                        	BH7 	7DA 	01202     	321881  	          	
165487	KREDGB2X	XXX	00	LONDON                     	KBC BANK N.V.       	KBC Bank NV                        		0548		A		13/11/2017          	0	A	08/03/2010				0010	02	00	0010	01	Y	Y													I	03/11/2003		007	RBOSGB55	XXX	N									F	18/07/2017		10  	000010		GB                  	A	13/11/2017				01	00	0006	01	00	0006	Y	I		M				London                             	1		Primrose St                        			London Branch                      	5th Floor                          	111 Old Broad Street               		London                        		EC2N	1BR 	020       	76385812	          	
301473	KOEXGB2L	XXX	00	LONDON BRANCH              	KEB HANA BANK       	KEB HANA BANK                      		0547		A		18/07/2017          	0	A	06/06/2005				0004	01	00	0004	01	N	Y													I	09/07/2001		005	MIDLGB22	XXX	N		23/09/2008							F	18/07/2017		4   	000004		GB                  	A	09/12/2010				01	00	0005	01	00	0005	Y	I		M				Old Jewry                          	1		LONDON BRANCH                      			8 Old Jewry                        				London                        		EC2R	8DN 	0207      	6060191 	          	
405210	SOLAGB2L	XXX	00	Landesbank Baden-Wurttember	LANDES BADEN WURT   	LANDESBANK BADEN-WURTTEMBERG       		0510		A		26/10/2018          	0	A	06/06/2005				0005	01	44	0005	01	Y	Y	DR	CR	CU		BS	DV	AU						I	26/10/2018		005	MIDLGB22	XXX	N									N		19/04/2010					N														M		LONDON                        		Cannon St                          	1		Landesbank Baden-Wurttemberg       			Bucklersbury Hse                   	83 Cannon St                       			London                        		EC4N	8TJ 	020       	76341800	          	
086119	LEEDGB2A	XXX	00	LEEDS                      	LEEDS B S           	LEEDS BUILDING SOCIETY             		0555		A		13/06/2019          	0	A	24/12/2014				0005	01	44	0005	01	Y	Y													I	22/10/2018		005	MIDLGB22	XXX	N									N		03/09/2015					A	16/11/2018				01	00	0005	01	00	0005	Y	I		M		LEEDS                         		Leeds Building Society             	1		Leeds Building Society             			MERCANTILE HOUSE                   	SILVERLINK BUSINESS PARK           			WALLSEND                      	TYNE & WEAR                   	NE28	9NY 	0845      	2344050 	          	
300001	LOYDGB21	017	00	BRISTOL CITY CTR (300001)  	LLOYDS BANK PLC     	LLOYDS BANK PLC                    		0004		A		18/07/2017          	0	M	06/06/2005				0004	01	01	0004	01	N	N													I	09/07/2001		004	LOYDGB2L	XXX	N		23/09/2008							M	18/07/2017		4   	000004		GB                  	M	23/02/2008				01	00	0004	01	00	0004	N			M		BRISTOL                       		Bristol City Centre (300001)       	1		Bristol City Centre (300001)       			PO Box 1000                        					Essex                         	BX1 	1LT 	0345      	3000000 	          	
700633	MBBEGB2L	XXX	00	74 COLEMAN ST LONDON EC2R  	MALAYAN BKG BERHAD  	MALAYAN BANKING BERHAD             		0598		A		06/06/2013          	0	A	06/06/2005			609192	0006	07	00	0006	01	N	Y	DR	CR	CU		BS	DV	AU						I	09/07/2001		006	NWBKGB55	XXX	N									N		26/04/2010					N														M				Coleman St                         	1		Malayan Banking Berhad, Coleman St 			74 COLEMAN ST                      				London                        		EC2R	5BN 	020       	76380561	          	
041334	MRMIGB22	XXX	00	Marq Millions Limited      	MARQ MILLIONS       	MARQ MILLIONS LIMITED              		1022		A		24/06/2019          	0	A	14/06/2019				0928	01	01	0928	01	N	N	DR	CR	CU		BS	DV	AU						I	24/06/2019		038	CLRBGB22	XXX	N									N							A	14/06/2019				01	00	0928	01	00	0928	Y	I		M					1		Marq Millions Limited              			Suite 7C                           	Paragon House                      	48 Seymour Grove                   		Stretford                     	Greater Manchester            	M16 	0LN 	01616     	966390  	          	
609556	MSHQGB2L	XXX	00	London Branch              	MASHREQ BANK        	MASHREQBANK PSC                    		0600		A		18/07/2017          	0	N																								I	25/02/2008		006	NWBKGB55	XXX	N		23/09/2008							F	18/07/2017		6   	000006		GB                  	N														M		LONDON                        			1		London Branch                      			1st Floor,                         	No. 2 London Wall Buildings        	1-5 London Wall                    		London                        		EC2M	5PP 	0207      	3824000 	          	
406250	ICBCGB2L	XXX	00	Mega Intl Comm Bnk         	Mega Intl Comm Bnk  	Mega International Commercial Bank 	Co. Ltd                            	0025		A		18/06/2018          	0	A	12/10/2007				0005	01	44	0005	01	Y	Y													I	29/10/2007		005	MIDLGB22	XXX	N									N		18/06/2018					N														M				London Branch                      	1		Mega Intl Comm Bnk                 			4th Floor                          	Michael House                      	35 Chiswell Street                 		London                        		EC1Y	4SE 	0207      	5627350 	          	
230580	MYMBGB2L	XXX	00	London                     	METRO BANK          	METRO BANK PLC                     		0052		A		18/07/2017          	0	A	19/01/2015				0002	04	00	0002	06	Y	Y													I	26/04/2010		003	BARCGB22	XXX	N									F	18/07/2017		2   	000002		GB                  	M	05/12/2016				01	00	0052	01	00	0052	N			M					1		London                             			1 Southampton Row                  				London                        		WC1B	5HA 	0345      	0808500 	          	
041300	MITFGB21	XXX	00	Midpoint & Transfer        	MIDPOINT            	MIDPOINT & TRANSFER LTD            		0986		A		01/10/2018          	0	A	21/09/2018				0928	01	01	0928	01	Y	N													I	01/10/2018		038	CLRBGB22	XXX	N									N							A	21/09/2018				01	00	0928	01	00	0928	Y	I		M					1		Midpoint & Transfer                			26 Finsbury Square                 				London                        	London                        	EC2A	1DS 	0207      	4483082 	          	
622111	MTBCGB2L	XXX	00	1ST FL 24 LOMBARD ST EC39AJ	MITSUBISHI UFJ TR BK	MITSUBISHI UFJ TRUST & BANKING CORP	ORATION                            	0623		A		24/01/2017          	0	A	06/06/2005				0006	05	00	0006	01	N	Y	DR	CR	CU		BS	DV	AU						I	09/07/2001		006	NWBKGB55	XXX	N									N		24/01/2017					N														M				Lombard St                         	1		Lombard St                         			24 Lombard St                      				London                        		EC3V	9AJ 	020       	79292323	          	
405069	MHCBGB2L	XXX	00	RIVER PLATE HOUSE          	MIZUHO CORPORATE BK 	Mizuho Corporate Bank Ltd          		0355		A		03/04/2018          	0	A	06/06/2005				0005	01	00	0005	01	Y	Y													I	15/04/2002		005	MIDLGB22	XXX	N									F	03/04/2018		919 	000919		GB                  	A	13/01/2012				01	00	0005	01	00	0005	Y	I		M				Mizuho Corporate Bank Ltd          	1		King William St                    			River Plate House                  	7-11 Finsbury Circus               			London                        		EC2M	7DH 	020       	75882211	          	
041312	MODRGB21	XXX	00	Modulr FS Limited          	MODULR FS LTD       	MODULR FS LTD                      		0953		A		15/01/2019          	0	A	15/01/2019				0928	01	01	0928	01	Y	N	DR	CR	CU		BS	DV	AU						I	26/11/2018		038	CLRBGB22	XXX	N									N							A	19/11/2018				01	00	0928	01	00	0928	Y	I		M					1		Modulr FS Limited                  			One Hammersmith Broadway           				London                        	London                        	W6  	9DL 	0208      	0809513 	          	
405228	MIZBGB2L	XXX	00	30 OLD BROAD STREET        	MTB                 	MIZRAHI TEFAHOT BANK LIMITED       		0813		A		03/04/2018          	0	A	06/06/2005				0005	01	44	0005	01	Y	Y													I	09/07/2001		005	MIDLGB22	XXX	N		23/09/2008							F	03/04/2018		919 	000919		GB                  	A	27/01/2012				01	00	0005	01	00	0005	Y	I		M		LONDON                        		30 OLD BROAD STREET.               	2	London                             	United Mizrahi Bank                			30 Old Broad Street                				London                        		EC2N	1HQ 	020       	74480600	          	
600109	BOTKGB2L	XXX	00	LONDON BRANCH              	MUFG BANK, LTD      	MUFG BANK, LTD                     		0193		A		13/11/2017          	0	A	06/06/2005				0006	06	00	0006	01	Y	Y													I	20/12/2004		006	NWBKGB55	XXX	N									F	18/07/2017		6   	000006		GB                  	A	13/11/2017				01	00	0006	01	00	0006	Y	I		M		LONDON                        		Finsbury Circus                    	1		Finsbury Circus                    			Ropemaker Place                    	25 Ropemaker Street                			London                        		EC2Y	9AN 	020       	75771102	          	
700512	ROTHGB2L	XXX	00	ST SWITHINS LANE           	N M ROTHSCHILD SONS 	NM ROTHSCHILD & SONS LTD           		0730		A		06/06/2005          	0	A	06/06/2005				0005	01	44	0005	01	N	N	DR	CR	CU		BS	DV	AU						I	09/07/2001		005	MIDLGB22	XXX	N									N							N														M				St. Swithin's Lane                 	1		N M Rothschild & Sons Limited, St.S	within's Lane                      		New Court                          	ST. SWITHIN'S LANE                 			London                        		EC4P	4DU 	020       	72805000	          	
010004	NWBKGB21	18R	00	ACCRINGTON                 	NAT WEST BANK PLC   	NATIONAL WESTMINSTER BANK PLC      		0006		A		13/11/2017          	0	M	06/06/2005				0006	01	00	0006	01	Y	N													I	09/07/2001		006	NWBKGB55	XXX	N		23/09/2008							M	18/07/2017		6   	000006		GB                  	M	13/11/2017				01	00	0006	01	00	0006	Y			M				Accrington                         	1		Accrington                         			Chatham Customer Service Centre    	Western Avenue                     	Waterside Court                    	Chatham Maritime                   	Chatham                       	Kent                          	ME4 	4RT 	0870      	2403355 	          	
405111	NBEGGB2L	XXX	00	11 WATERLOO PLACE          	NATIONAL BANK EGYPT 	NATIONAL BANK OF EGYPT (UK) LTD    		0663		A		03/04/2018          	0	A	06/06/2005				0005	01	44	0005	01	Y	Y													I	09/07/2001		005	MIDLGB22	XXX	N									F	03/04/2018		919 	000919		GB                  	A	06/01/2012				01	00	0005	01	00	0005	Y	I		M				Finsbury Circus                    	1		Finsbury Circus                    			TRAFALGAR HOUSE                    	11 WATERLOO PLACE                  			LONDON                        		SW1Y	4AU 	020       	73891200	          	
405188	NBOKGB2L	XXX	00	13 GEORGE ST LONDON W1U 3QJ	NATIONAL BANK KUWAIT	NATIONAL BANK OF KUWAIT (INTERNATIO	NAL) PLC                           	0666		A		03/04/2018          	0	A	06/06/2005				0005	01	00	0005	01	Y	Y													I	09/07/2001		005	MIDLGB22	XXX	N									F	03/04/2018		919 	000919		GB                  	A	09/12/2011				01	00	0005	01	00	0005	Y	I		M				George St, W1U 3QJ                 	1		George St, W1U 3QJ                 			NBK House                          	13 George Street                   			London                        		W1U 	3QJ 	020       	72242277	          	
608394	RBOSGB2R	TCM	00	NatWest Markets            	NATWEST MARKETS PLC 	NATWEST MARKETS PLC                		0936		A		16/10/2017          	0	N																								I	16/10/2017		006	NWBKGB55	XXX	N									N							N														M		LONDON                        			1		NatWest Markets                    			250 Bishopsgate                    				London                        		EC2M	4AA 	0845      	3004850 	          	
950001	DABAGB2B	001	00	Head Office Belfast        	NBL T/A DANSKE BANK 	NORTHERN BANK LIMITED T/A DANSKE BA	NK                                 	0036		A		04/03/2019          	0	M	13/04/2006				0036	03	00	0036	01	N	N													I	20/10/2014		035	DABAGB2B	XXX	N									M	18/07/2017		36  	000036		NI                  	M	17/11/2014				01	00	0036	01	00	0036	N			M		HEAD OFFICE                   	Belfast                       	Belfast                            	1		Head Office Belfast                			PO Box 183                         	Donegall Square West               			Belfast                       		BT1 	6JS 	028       	90045000	          	
301561	NEDSGB2L	XXX	00	LOMBARD STREET EC3         	NEDBANK             	NEDBANK  LIMITED                   		0679		A		18/07/2017          	0	A	06/06/2005				0004	01	00	0004	01	Y	Y													I	09/07/2001		005	MIDLGB22	XXX	N		23/09/2008							F	18/07/2017		4   	000004		GB                  	A	23/02/2008				01	00	0004	01	00	0004	Y	I		M				Abchurch Lane                      	1		Abchurch Lane                      			1ST FLOOR                          	MILLENIUM BRIDGE HOUSE             	2 LAMBETH HILL                     		LONDON                        		EC4V	4GG 	020       	70023440	          	
405059	NOLAGB2L	XXX	00	NORDDEUTSCHE LANDESBANK    	NORDDEUTSCHE LANDESB	NORDDEUTSCHE LANDESBANK GIROZENTRAL	E                                  	0651		A		21/08/2018          	0	A	21/08/2018				0005	01	00	0005	01	Y	Y	DR	CR	CU		BS	DV	AU						I	09/07/2001		005	MIDLGB22	XXX	N		23/09/2008							N		15/05/2017					A	18/01/2013				01	00	0005	01	00	0005	Y	I		M				Wood Street                        	1		NORDDEUTSCHE LANDESBANK GIROZENTRAL	E                                  		One Wood Street                    				London                        		EC2V	7WT 	020       	79725400	          	
404878	NDEAGB2L	XXX	00	Nordea Bank                	NORDEA BANK ABP     	NORDEA BANK ABP                    		0812		A		26/06/2019          	0	A	06/06/2005				0005	01	00	0005	01	Y	Y													I	20/01/2003		005	MIDLGB22	XXX	N									F	03/04/2018		919 	000919		GB                  	A	28/07/2008				01	00	0005	01	00	0005	Y	I		M				Nordea Bank ABP                    	1		Cheapside                          			6th Floor                          	5 Aldermanbury Square              			London                        		EC2V	7AZ 	0203      	9679000 	          	
232862	CNORGB22	RTN	00	CHAPS RETURNS              	NORTHERN TRUST CO   	THE NORTHERN TRUST COMPANY         		0309		A		23/05/2016          	0	N																							R	I	23/05/2016		030	CNORGB22	XXX	N									N							N														M		LONDON                        			1		THE NORTHERN TRUST COMPANY         			50 Bank Street                     	Canary Wharf                       			London                        		E14 	5NT 	          		          	
300059	NROKGB2L	XXX	00	FINANCIAL OPERATIONS       	NRAM LIMITED        	NRAM LIMITED                       		0381		A		31/07/2018          	0	N		30/06/2012																						I	01/02/1996		004	LOYDGB2L	XXX	N									N		23/04/2018					N														M			Gosforth                      	Gosforth(Treasury-no Customer A/CS 	1		FINANCIAL OPERATIONS               			Treasury                           	Croft Road                         	Crossflatts                        			West Yorkshire                	BD16	2UA 	0870      	6094103 	          	
232866	CNORGB2X	XXX	00	NORTHERN TRUST GLOBAL      	NTGS SE             	NORTHERN TRUST GLOBAL SERVICES SE  		0891		A		13/05/2019          	0	N																								I	23/05/2016		030	CNORGB22	XXX	N									N							N														M		LONDON                        		CANARY WHARF                       	1		NORTHERN TRUST GLOBAL SERVICES LTD 			50 BANK STREET                     	CANARY WHARF                       			LONDON                        		E14 	5NT 	0207      	9822328 	          	
041313	POIAGB21	XXX	00	Project Imagine Ltd        	PROJECT IMAGINE     	PROJECT IMAGINE LTD                		0998		A		28/01/2019          	0	A	16/01/2019				0928	01	01	0928	01	Y	N													I	28/01/2019		038	CLRBGB22	XXX	N									N							A	16/01/2019				01	00	0928	01	00	0928	Y	I		M					1		Project Imagine Ltd                			WeWork, International House        	1 St. Katharine's Way              			London                        	London                        	E1W 	1UN 	01234     	982424  	          	
609500	PUNBGB22	XXX	00	Southall                   	PUNJAB NATIONAL BANK	PUNJAB NATIONAL BANK (INTERNATIONAL	) LTD                              	0016		A		13/11/2017          	0	A	29/06/2007				0006	01	00	0006	01	Y	N													I	02/07/2007		006	NWBKGB55	XXX	N									F	18/07/2017		6   	000006		GB                  	A	13/11/2017				01	00	0006	01	00	0006	Y	I		M		LONDON                        			1		SOUTHALL                           			1 Moorgate                         				London                        		EC2R	6JH 	0208      	5745500 	          	
609379	QNBAGB2L	XXX	00	GROSVENOR STREET W1K 3HH   	QATAR NAT BK (QPSC) 	QATAR NATIONAL BANK (Q.P.S.C.)     		0710		A		13/11/2017          	0	A	06/06/2005				0006	06	01	0006	01	Y	Y													I	30/06/2008		006	NWBKGB55	XXX	N									F	18/07/2017		6   	000006		GB                  	A	13/11/2017				01	00	0006	01	00	0006	Y	I		M				Grosvenor Street                   	1		Grosvenor Street W1K 3HH           			51 Grosvenor Street                				London                        		W1K 	3HH 	0207      	6472600 	          	
405091	RABOGB2L	XXX	00	ONE QUEENHITHE LONDON EC4V 	RABOBANK INTERNATION	RABOBANK INTERNATIONAL(COOPERATIVE 	CENTRALE RAIFFEISEN BOERENLEENBANK)	0713		A		28/04/2017          	0	A	06/06/2005				0005	01	00	0005	01	Y	Y													I	09/07/2001		005	MIDLGB22	XXX	N		23/09/2008							N		28/04/2017					A	02/03/2012				01	00	0005	01	00	0005	Y	I		M				Rabobank London Branch             	2	Rabobank International             	London Branch                      			Thames Court                       	One Queenhithe                     			London                        		EC4V	3RL 	020       	78093000	          	
405176	RZBAGB2L	XXX	00	36-38 BOTOLPH ST EC3       	RAIFFEISEN ZENTRAL  	RAIFFEISEN ZENTRALBANK OSTERREICH A	G                                  	0741		A		11/01/2010          	0	N		28/02/2010																						I	09/07/2001		005	MIDLGB22	XXX	N									N		11/01/2010					N														M				Botolph Lane                       	1		Botolph Lane                       			36-38 Botolph Lane                 				London                        		EC3R	8DE 	020       	79292288	          	
150000	RBOSGB21	06G	00	FINANCIAL MARKETS ACC SERV 	ROYAL BANK OF SCOT  	THE ROYAL BANK OF SCOTLAND PLC     		0010		A		13/11/2017          	0	M	06/06/2005				0010	02	00	0010	01	Y	N	DR												I	08/03/2004		007	RBOSGB55	XXX	N									M	18/07/2017		10  	000010		GB                  	A	13/11/2017				01	00	0006	01	00	0006	Y	I		M		BOLTON                        	INTERNATIONAL DIVISIONS       	Financial Markets Accounting Serv  	1		Financial Markets Accounting Serv  			Bolton Customer Service Centre     	3 De Havilland Way                 	Horwich                            		Bolton                        		BL6 	4YU 	0345      	3088994 	          	
041320	SEEDGB21	XXX	00	Saescada Ltd 1             	SAESCADA            	SAESCADA LIMITED                   		1009		A		18/02/2019          	0	A	08/02/2019				0928	01	01	0928	01	Y	N	DR	CR	CU		BS	DV	AU						I	18/02/2019		038	CLRBGB22	XXX	N									N							A	08/02/2019				01	00	0928	01	00	0928	Y	I		M					1		Saescada Ltd 1                     			14 Buckingham Street               				London                        	London                        	WC2N	6DF 	0203      	2395950 	          	
126000	SANBGB21	500	00	SAINSBURY'S BANK SAV/LOANS 	SAINSBURYS BANK     	SAINSBURY'S BANK PLC               		0769		A		26/06/2017          	0	A	11/10/2016				0005	01	44	0005	01	Y	N	DR		CU				AU						I	10/10/2016		005	MIDLGB22	XXX	N		23/09/2008							N		26/06/2017					A	07/10/2016				01	00	0005	01	00	0005	Y	I		M				Caledonia House                    	1		SAINSBURY'S BANK SAV/LOANS         			Business Services Dept 6000        	Caledonia House                    	Viking Way                         	Innova Campus                      	Rosyth                        		KY11	2UU 	0345      	6014955 	          	
090009	ABBYGB3E	XXX	00	FINANCIAL MKT CHAPS        	Santander           	Santander UK plc                   		0011		A		18/07/2017          	0	M	22/09/2005				0011	01	01	0011	01	N	N	DR	CR	CU		BS	DV	AU						D	14/11/2005		024	ABBYGB3E	XXX	N									M	18/07/2017		11  	000011		GB                  	N														M				FINANCIAL MARKETS CHAPS            	1		FINANCIAL MKT CHAPS                			FINANCIAL MARKETS                  	ABBEY NATIONAL HOUSE               	2 TRITON SQUARE                    	REGENTS PLACE                      	LONDON                        		NW1 	3AN 	          		          	
405278	SCPBGB2L	XXX	00	31 GRESHAM ST LONDON EC2V  	SCHRODER &CO LIMITED	SCHRODER &CO LIMITED               		0599		A		03/04/2018          	0	A	06/06/2005				0005	01	44	0005	01	Y	Y													I	24/12/2001		005	MIDLGB22	XXX	N									F	03/04/2018		919 	000919		GB                  	A	06/01/2012				01	00	0005	01	00	0005	Y	I		M				Schroder & Co Limited              	1		31 GRESHAM ST LONDON EC2V          			31 Gresham Street                  				London                        		EC2V	7QA 	020       	76586000	          	
609137	SCBKGB2X	XXX	00	CORNHILL EC3V 3NB          	SHANGHAI COMM BANK  	SHANGHAI COMMERCIAL BANK LTD       		0650		A		13/11/2017          	0	A	06/06/2005				0006	06	00	0006	01	N	Y													I	09/07/2001		006	NWBKGB55	XXX	N									F	18/07/2017		6   	000006		GB                  	A	13/11/2017				01	00	0006	01	00	0006	Y	I		M				Cornhill                           	1		Cornhill                           			65 Cornhill                        				London                        		EC3V	3NB 	020       	73698888	          	
621000	SVBKGB2L	XXX	00	Silicon Valley Bank London 	SILICON VALLEY BANK 	SILICON VALLEY BANK                		0438		A		13/11/2017          	0	A	25/10/2013				0006	01	00	0006	01	Y	Y													I	06/06/2012		006	NWBKGB55	XXX	N									F	18/07/2017		6   	000006		GB                  	A	13/11/2017				01	00	0006	01	00	0006	Y	I		M		LONDON                        			1		Silicon Valley Bank London Branch  			Alphabeta                          	14-18 Finsbury Square              			London                        		EC2A	1BR 	0207      	3677882 	          	
404865	ESSEGB2L	XXX	00	London Branch of S E Banken	SKANDINAVISKA ENS BK	SKANDINAVISKA ENSKILDA BANKEN AB (P	UBL)                               	0765		A		03/04/2018          	0	A	06/06/2005				0005	01	00	0005	01	Y	Y													I	09/07/2001		005	MIDLGB22	XXX	N									F	03/04/2018		919 	000919		GB                  	A	08/08/2008				01	00	0005	01	00	0005	Y	I		M				Carter Lane                        	1		Carter Lane                        			One Carter Lane                    				London                        		EC4V	5AN 	020       	72464168	          	
405125	SMBCGB2L	XXX	00	99 Queen Victoria St EC4   	SMBC Europe Ltd     	Sumitomo Mitsui Banking Corporation	 Europe Limited                    	0793		A		03/04/2018          	0	A	06/06/2005				0005	01	00	0005	01	Y	Y													I	11/09/2017		003	BARCGB22	XXX	N									F	03/04/2018		919 	000919		GB                  	A	25/11/2011				01	00	0005	01	00	0005	Y	I		M				Queen Victoria St London           	1		Queen Victoria Street              			99 Queen Victoria Street           				London                        		EC4V	4EH 	020       	79711000	          	
165760	SMIWGB2L	XXX	00	25 Moorgate                	SMITH & WILLIAMSON  	SMITH & WILLIAMSON INVESTMENT SERVI	CES LIMITED                        	0857		A		13/11/2017          	0	A	06/06/2005				0010	02	00	0010	01	Y	N													I	04/05/1999		007	RBOSGB55	XXX	N									F	18/07/2017		10  	000010		GB                  	A	13/11/2017				01	00	0006	01	00	0006	Y	I		M		LONDON                        		25 MOORGATE                        	1		25 MOORGATE                        			25 MOORGATE                        				London                        		EC2R	6AY 	0207      	1314775 	          	
230089	SOGEGB33	XXX	00	SECURITIES SERVICES        	SOCIETE GENERALE    	SOCIETE GENERALE                   		0772		A		12/01/2018          	0	N																								I	30/05/2017		003	BARCGB22	XXX	N									N							N														M					1		SECURITIES SERVICES                			SG House                           	41 Tower Hill                      			London                        		EC3N	4SG 	4420      	76766000	          	
609104	SCBLGB2L	XXX	00	London                     	STANDARD CHARTERED  	STANDARD CHARTERED BANK            		0782		A		13/11/2017          	0	A	06/06/2005				0006	06	00	0006	01	Y	Y													D	09/07/2001		015	SCBLGB2L	XXX	N		23/09/2008							F	18/07/2017		6   	000006		GB                  	A	13/11/2017				01	00	0006	01	00	0006	Y	I		M		LONDON                        			1		London                             			STANDARD CHARTERED BANK            	1 Basinghall Avenue                			London                        		EC2V	5DD 	0207      	8858888 	          	
608371	SRLGGB2L	XXX	00	Starling Bank Limited      	STARLING BANK LTD   	STARLING BANK LIMITED              		0925		A		13/07/2018          	0	M	15/03/2018				0925	01	00	0925	01	Y	N													I	14/11/2016		006	NWBKGB55	XXX	N									N							M	16/01/2017				01	00	0925	01	00	0925	Y			M		LONDON                        			1		Starling Bank Limited              			3rd Floor                          	2 Finsbury Avenue                  			London                        		EC2M	2PP 	0207      	9304450 	          	
608365	SBINGB2L	XXX	00	UK Branch                  	STATE BANK OF INDIA 	STATE BANK OF INDIA                		0787		A		11/04/2018          	0	A	02/12/2016				0006	01	00	0006	01	Y	N													I	05/12/2016		006	NWBKGB55	XXX	N									F	18/07/2017		6   	000006		GB                  	A	13/11/2017				01	00	0006	01	00	0006	Y	I		M		LONDON                        			1		UK Branch                          			15 King Street                     	First Floor                        			London                        		EC2V	8EA 	0207      	4544402 	          	
600159	SBOIGB2L	XXX	00	London Main                	STATE BK OF INDIA UK	STATE BANK OF INDIA (UK) LIMITED   		0957		A		03/04/2018          	0	A	06/06/2005				0006	06	00	0006	01	Y	Y			CU										I	09/07/2001		006	NWBKGB55	XXX	N									F	18/07/2017		6   	000006		GB                  	A	13/11/2017				01	00	0006	01	00	0006	Y	I		M		LONDON                        		King Street                        	1		London Main                        			15 King Street                     				London                        		EC2V	8EA 	020       	74544402	          	
165766	SBOSGB2X	XXX	00	State St Bk & Trust Primary	STATE STREET BK & TR	STATE STREET BANK AND TRUST COMPANY		0789		A		18/03/2016          	0	N		28/02/2013																						D	17/09/2012		012	SBOSGB2X	XXX	N									N							N														M		LONDON                        		London                             	1		State Street Bank and Trust, Primar	y                                  		20 Churchill Place                 				London                        		E14 	5HJ 	0131      	4792475 	          	
405130	STBCGB2L	XXX	00	155 BISHOPSGATE EC2M 3XU   	SUMITOMO TRUST + BK 	THE SUMITOMO TRUST & BANKING CO LTD		0794		A		13/05/2016          	0	A	29/04/2009				0005	01	00	0005	01	Y	Y	DR												I	09/07/2001		005	MIDLGB22	XXX	N									N		13/05/2016					N														M				Bishopsgate                        	1		Bishopsgate                        			155 Bishopsgate                    				London                        		EC2M	3XU 	020       	79457000	          	
609267	SYNDGB2L	XXX	00	EASTCHEAP                  	SYNDICATE BANK LTD  	SYNDICATE BANK                     		0797		A		13/11/2017          	0	A	06/06/2005				0006	06	00	0006	01	N	Y													I	15/09/2003		006	NWBKGB55	XXX	N									F	18/07/2017		6   	000006		GB                  	A	13/11/2017				01	00	0006	01	00	0006	Y	I		M				Eastcheap                          	1		Eastcheap                          			2a Eastcheap                       				London                        		EC3M	1LH 	020       	76269681	          	
300173	TCZBGB2L	XXX	00	T C ZIRAAT BANKASI         	T C ZIRAAT BANKASI  	T C ZIRAAT BANKASI AS              		0803		A		18/07/2017          	0	A	06/06/2005		R		0004	01	00	0004	01	N	Y													I	16/02/2004		004	LOYDGB2L	XXX	N									F	18/07/2017		4   	000004		GB                  	A	23/02/2008				01	00	0004	01	00	0004	N	I		M				London Branch                      	1		T C ZIRAAT BANKASI                 			Basildon House                     	7 - 11 Moorgate                    			London                        		EC2R	6DB 	0207      	6004985 	          	
040504	TALKGB22	XXX	00	TalkRemit Ltd 01           	TALKREMIT           	TALKREMIT LTD                      		1024		A		09/08/2019          	0	A	21/01/2019				0928	01	01	0928	01	Y	N													I	02/07/2018		038	CLRBGB22	XXX	N									N							A	09/08/2019				01	00	0928	01	00	0928	Y	I		M					1		TalkRemit                          			Office 652                         	2 Kingdom Street                   	Paddington                         		LONDON                        	LONDON                        	W2  	6BD 	0203      	5804246 	          	
165345	HLBAGB21	XXX	00	KNIGHTSBRIDGE LONDON SW1   	TANDEM BANK LTD.    	TANDEM BANK LIMITED                		0916		A		07/12/2018          	0	A	16/03/2018				0006	02	00	0006	01	Y	N													I	19/03/2018		006	NWBKGB55	XXX	N		23/09/2008							F	18/07/2017		10  	000010		GB                  	A	13/11/2017				01	00	0006	01	00	0006	Y	I		M				Brompton Rd                        	1		Brompton Rd                        			123 Pentoville Road, London        	England                            			London                        		N1  	9LG 	020       	72256789	          	
165810	TRIOGB22	XXX	00	BRISTOL                    	TRIODOS BANK UK LTD 	TRIODOS BANK UK LTD                		0808		A		24/07/2019          	0	A	22/03/2019				0006	02	00	0006	01	Y	Y													I	25/03/2019		006	NWBKGB55	XXX	N		23/09/2008							F	18/07/2017		10  	000010		GB                  	A	13/11/2017				01	00	0006	01	00	0006	Y	I		M				Bristol                            	1		Bristol                            			Deanery Road                       				Bristol                       		BS1 	5AS 	01179     	739339  	          	
302885	TSBSGB2A	XXX	00	CHAPS Routing              	TSB                 	TSB BANK PLC                       		0932		A		29/07/2019          	0	N																							R	D	29/07/2019		043	TSBSGB2A	XXX	N									N							N														M		BIRMINGHAM                    			1		TSB CHAPS Routing                  			Head Office Payments               	Ariel House                        	2138 Coventry Road                 		Birmingham                    		B26 	3JW 	          		          	
405198	TUBAGB2L	XXX	00	Turkish Bank UK Ltd        	TURKISH BANK (UK)LTD	TURKISH BANK (UK) LTD              		0810		A		22/09/2017          	0	M	23/06/2017				0810	01	00	0810	01	Y	N													I	09/07/2001		005	MIDLGB22	XXX	N		23/09/2008							M	22/09/2017		810 	000810		GB                  	M	04/09/2017				01	00	0810	01	00	0810	Y			M		LONDON                        			1		Turkish Bank UK Limited            			Head Office and all Branches       	84-86 Borough High Street          			London                        		SE1 	1LN 	020       	74035656	          	
405033	ISBKGB2L	XXX	00	TURKIYE IS BANKASI AS      	TURKIYE IS BANKASI  	TURKIYE IS BANKASI AS              		0809		A		03/06/2016          	0	A	06/06/2005				0005	01	00	0005	01	Y	Y													I	04/08/2003		005	MIDLGB22	XXX	N		23/09/2008							N		03/06/2016					A	06/06/2014				01	00	0002	01	00	0002	Y	I		M		LONDON                        		Princes St                         	1		TURKIYE IS BANKASI AS              			8 Princes St                       				London                        		EC2R	8HL 	020       	76067151	          	
232320	UBSWGB55	XXX	00	GBP Clearing London        	UBS AG              	UBS AG                             		0796		A		19/08/2015          	0	N		31/03/2012																					R	D	19/08/2015		027	UBSWGB55	XXX	N									N							N														M		LONDON                        			1		GBP Clearing London                			100 Liverpool Street               				London                        		EC2M	2RH 	020       	75678000	          	
980000	ULSBGB2B	XXX	00	HEAD OFFICE BELFAST        	ULSTER BANK LIMITED 	ULSTER BANK LTD                    		0033		A		13/11/2017          	0	A	02/11/2006				0006	03	00	0006	03	N	N													I	02/12/2002		006	NWBKGB55	XXX	N		23/09/2008							F	05/10/2017		6   	000006		NI                  	A	13/11/2017				01	00	0006	01	00	0006	Y	I		M		BELFAST                       		Head Office                        	1		Head Office, Belfast               			11-16 Donegall Square East         				Belfast                       		BT1 	5UB 	028       	90276000	          	
235797	UBNIGB2L	XXX	00	COPTHALL AVE EC2R 7BN      	UNION BANK UK PLC   	UNION BANK UK PLC                  		0825		A		18/07/2017          	0	A	06/06/2005				0002	04	00	0002	06	N	Y													I	09/07/2001		003	BARCGB22	XXX	N									F	18/07/2017		2   	000002		GB                  	A	07/07/2016				01	00	0002	01	00	0002	Y	I		M				Copthall Ave                       	1		Copthall Ave                       			P.O. Box 148                       	14-18 Copthall Ave                 			London                        		EC2R	7BN 	0207      	9206117 	          	
235626	UBINGB2L	XXX	00	Union Bank of India        	UNION BK OF INDIA   	UNION BANK OF INDIA (UK) LIMITED   		0587		A		18/07/2017          	0	A	15/09/2015				0002	04	00	0002	06	Y	Y													I	27/05/2014		003	BARCGB22	XXX	N									F	18/07/2017		2   	000002		GB                  	A	02/05/2014				01	00	0002	01	00	0002	Y	I		M		LONDON                        			1		Union Bank of India (UK) Limited   			85 Queen Victoria Street           				London                        		EC4V	4AB 	0207      	3324250 	0207      	3324264 
233504	UOVBGB2L	XXX	00	LONDON                     	UNT OVERSEAS BK LTD 	UNITED OVERSEAS BANK LTD           		0833		A		16/03/2018          	0	A	06/06/2005				0002	04	00	0002	06	N	Y													I	09/07/2001		003	BARCGB22	XXX	N									F	18/07/2017		2   	000002		GB                  	A	13/01/2012				01	00	0002	01	00	0002	Y	I		M				Cannon Street                      	1		LONDON                             			50 Cannon Street                   				London                        		EC4N	6JJ 	020       	74485800	          	
041315	UNENGB21	XXX	00	Universal Securities & Inv.	USI MONEY           	UNIVERSAL SECURITIES AND INVESTMENT	 LTD                               	1005		A		07/05/2019          	0	A	07/05/2019				0928	01	01	0928	01	Y	N	DR	CR	CU		BS	DV	AU						I	04/02/2019		038	CLRBGB22	XXX	N									N							A	24/01/2019				01	00	0928	01	00	0928	N	I		M					1		Universal Securities and Investment	s                                  		3rd Floor                          	162-168 Regent Street              			LONDON                        	LONDON                        	W1B 	5TB 	0203      	3277784 	          	
040482	MOUOGB22	XXX	00	Viola Black                	VIOLA MONEY         	VIOLA MONEY (EUROPE) LTD           		1025		A		05/09/2019          	0	A	10/05/2019				0928	01	01	0928	01	Y	N													I	23/04/2018		038	CLRBGB22	XXX	N									N							A	16/08/2019				01	00	0928	01	00	0928	Y	I		M					1		Viola Money (Europe) Limited       			3 Waterton Park                    	Waterton                           			Bridgend                      	Bridgend                      	CF31	3PH 	0165      	6657932 	          	
040079	NRNBGB2L	XXX	00	HEAD OFFICE                	VIRGIN MONEY PLC    	VIRGIN MONEY PLC                   		0028		A		05/02/2019          	0	N																								D	23/07/2018		044	NRNBGB2L	XXX	N									N							N														M		NEWCASTLE UPON TYNE           	GOSFORTH                      		1		HEAD OFFICE                        			JUBILEE HOUSE                      	GOSFORTH                           			NEWCASTLE UPON TYNE           	TYNE & WEAR                   	NE3 	4PL 	0345      	6008401 	          	
609303	WBYSGB22	XXX	00	SANDERS RD WELLINGBOROUGH  	WEATHERBYS BANK LTD 	WEATHERBYS BANK LTD                		0837		A		13/11/2017          	0	A	06/06/2005				0006	06	01	0006	01	Y	Y													I	03/08/1998		006	NWBKGB55	XXX	N									F	18/07/2017		6   	000006		GB                  	A	13/11/2017				01	00	0006	01	00	0006	Y	I		M				Wellingbrough                      	1		Wellingbrough                      			Sanders Rd                         				Wellingborough                	Northants.                    	NN8 	4BX 	01933     	304777  	          	
050005	YORKGB21	005	00	Direct Banking YB          	YORKSHIRE BANK      	YORKSHIRE BANK (A TRADING NAME OF C	LYDESDALE BANK PLC)                	0031		A		18/07/2017          	0	A	09/04/2015				0009	02	00	0009	08	Y	N													I	20/04/2015		009	CLYDGBCH	XXX	N									F	18/07/2017		9   	000009		GB                  	A	09/04/2015				01	00	0009	01	00	0009	Y	I		M		GLASGOW                       			1		Direct Banking YB                  			DIRECT BANKING                     	TIMOR HOUSE                        	MARINER COURT                      	CLYDEBANK BUSINESS PARK            	GLASGOW                       		G81 	2NR 	0800      	4561247 	          	
